customer name,customer e-mail,country,gender,age,annual Salary,credit card debt,net worth,car purchase amount
Martina Avila,cubilia.Curae.Phasellus@quisaccumsanconvallis.edu,Bulgaria,0,42,62812,11609,238961,35321
Harlan Barnes,eu.dolor@diam.co.uk,Belize,0,41,66647,9573,530974,45116
Naomi Rodriquez,vulputate.mauris.sagittis@ametconsectetueradipiscing.co.uk,Algeria,1,43,53799,11160,638467,42926
Jade Cunningham,malesuada@dignissim.com,Cook Islands,1,58,79370,14426,548599,67422
Cedric Leach,felis.ullamcorper.viverra@egetmollislectus.net,Brazil,1,57,59729,5359,560304,55915
Carla Hester,mi@Aliquamerat.edu,Liberia,1,57,68500,14179,428485,56612
Griffin Rivera,vehicula@at.co.uk,Syria,1,47,39815,5958,326373,28926
Orli Casey,nunc.est.mollis@Suspendissetristiqueneque.co.uk,Czech Republic,1,50,51752,10986,629312,47435
Marny Obrien,Phasellus@sedsemegestas.org,Armenia,0,47,58139,3441,630059,48014
Rhonda Chavez,nec@nuncest.com,Somalia,1,43,53457,12884,476643,38190
Jerome Rowe,ipsum.cursus@dui.org,Sint Maarten,1,50,73349,8271,612739,59046
Akeem Gibson,turpis.egestas.Fusce@purus.edu,Greenland,1,53,55422,10015,293863,42289
Quin Smith,nulla@ipsum.edu,Nicaragua,0,44,37336,10218,430907,28700
Tatum Moon,Cras.sed.leo@Seddiamlorem.ca,"Palestine, State of",0,48,68304,9467,420322,49259
Sharon Sharpe,eget.metus@aaliquetvel.co.uk,United Arab Emirates,0,55,72776,10598,146345,49510
Thomas Williams,aliquet.molestie@ut.org,Gabon,1,53,64662,11326,481433,53017
Blaine Bender,ultrices.posuere.cubilia@pedenonummyut.net,Tokelau,0,45,63260,11496,370356,41815
Stephen Lindsey,erat.eget.ipsum@tinciduntpede.org,Portugal,1,48,52682,12515,549444,43902
Sloane Mann,at.augue@augue.net,Chad,1,52,54503,7378,431099,44634
Athena Wolf,volutpat.Nulla.facilisis@primis.ca,Iraq,0,59,55368,13273,566022,54828
Blythe Romero,Sed.eu@risusNuncac.co.uk,Sudan,1,52,63436,11878,480588,51131
Zelenia Byers,auctor.non@sapien.co.uk,Angola,0,48,64347,10905,307226,43402
Nola Wiggins,Aliquam@augue.edu,Nigeria,1,46,65177,7699,497526,47241
Micah Wheeler,arcu.eu@tincidunt.org,Madagascar,1,47,52028,11961,688466,46635
Caryn Hendrix,condimentum.Donec@duiCum.com,Macedonia,0,40,69612,8126,499086,45078
Hedda Miranda,scelerisque@magnased.com,Oman,0,53,53066,17806,429440,44388
Ulric Lynn,sociis@vulputateveliteu.com,Colombia,0,28,82843,13102,315775,37162
Alma Pope,Nunc.mauris.Morbi@turpis.org,Namibia,0,56,61389,14270,341692,49092
Gemma Hendrix,lobortis@non.co.uk,Denmark,1,46,100000,17453,188032,58350
Castor Wood,velit.Pellentesque@Nulla.net,Dominican Republic,1,40,62892,12523,583231,43994
Herman Stevenson,sociosqu.ad.litora@erat.com,Costa Rica,1,33,39627,9372,319838,17585
Adrienne Bolton,dictum@magnaPraesent.ca,Botswana,1,40,68860,13417,486069,44650
Dahlia Cleveland,tincidunt.tempus@idsapien.co.uk,Saint Pierre and Miquelon,1,51,82358,8092,655934,66364
Keane Browning,Curabitur@acipsumPhasellus.co.uk,France,0,51,67904,11417,487436,53489
Quon Hull,nascetur.ridiculus.mus@dignissim.co.uk,Senegal,0,46,65312,7989,215674,39810
Coby Charles,nec@dolornonummyac.com,Cambodia,0,51,59593,12253,612243,51612
Amery Cortez,semper.et.lacinia@Morbiquisurna.ca,Suriname,1,50,47461,7406,430625,38979
Uriel Bradshaw,ultrices@Integersemelit.com,Turkey,1,22,43132,10917,326743,10092
Fredericka Sanders,Curabitur@Infaucibus.ca,Ethiopia,0,51,52264,8839,213041,35929
Christopher Stevens,blandit.enim@lacusvariuset.org,French Guiana,1,48,80960,4500,379750,54823
Rachel Ashley,tincidunt.tempus.risus@posuerecubiliaCurae.co.uk,Turkey,0,42,66418,9183,513340,45806
Lael Wright,a@consequatpurusMaecenas.com,Bhutan,1,46,58457,12491,410656,41567
Ryder Shaffer,Phasellus.dapibus.quam@inhendrerit.ca,Georgia,0,38,50571,13338,348834,28031
Eric Noel,lacinia.at.iaculis@Fuscefermentumfermentum.edu,Mozambique,1,39,50943,10817,299734,27816
Tamara Guy,nec.eleifend@orci.org,Nauru,1,61,79792,14246,497950,68678
Quincy Bell,in@Duisgravida.co.uk,Timor-Leste,0,55,70787,10155,853914,68925
Lee Taylor,Vivamus.nisi.Mauris@miAliquam.co.uk,Djibouti,1,42,56099,11675,320229,34216
Kenneth Pope,vitae.sodales.at@molestiearcuSed.org,Argentina,0,51,57478,2230,158980,37843
Reese Vance,egestas@malesuadavelvenenatis.com,Taiwan,1,41,60181,7095,390312,37883
Quon Carroll,sodales@pharetra.com,Åland Islands,0,40,74445,7916,527421,48734
Magee Davidson,Quisque@tempor.net,Turks and Caicos Islands,1,41,38407,11023,451846,27187
Leilani Gross,dignissim@mollisDuissit.org,Samoa,0,56,64617,12379,779926,63738
Morgan William,sociis.natoque.penatibus@uterat.ca,Vanuatu,0,46,68108,7814,455609,48267
Francesca Cervantes,leo@sitametdapibus.edu,Mongolia,1,37,72472,11217,583523,46381
Rafael Peterson,lectus.a.sollicitudin@tortorat.net,Sri Lanka,1,52,35069,1852,353758,31979
Roanna Knox,dolor.nonummy@metusurnaconvallis.net,Guinea-Bissau,0,57,52423,6998,438068,48100
Marny Vargas,nonummy.Fusce.fermentum@ligula.org,Egypt,1,34,84468,7772,468239,47381
Charlotte Waller,odio@Nuncac.org,Slovenia,1,43,51420,11331,636407,41425
Dorian Hernandez,conubia.nostra.per@diam.co.uk,Benin,1,50,46610,7592,409420,38148
Armando Hensley,Class.aptent@torquentper.com,Cape Verde,1,42,55207,9976,286063,32738
Rowan Kidd,sapien.Aenean.massa@adipiscing.ca,Paraguay,1,42,46689,7830,615766,37348
Gwendolyn Rice,Duis@metusIn.com,Laos,0,42,71847,4225,476088,47484
Gareth Morris,est.Nunc.laoreet@nullavulputatedui.edu,Iceland,0,55,69237,9843,242496,49731
Sawyer Carney,erat.Sed@Phasellus.ca,Iceland,0,53,54007,15189,246322,40094
Raya Shields,tincidunt.aliquam@orciluctuset.com,Viet Nam,0,53,47228,9046,456634,42298
Olga Serrano,risus@urnasuscipitnonummy.edu,Marshall Islands,0,43,70188,6842,662176,52955
Yuli Craig,lobortis.quis.pede@Seddiam.com,Germany,0,55,62263,11786,301026,48104
Lev Kramer,eu.odio@tristique.org,Kyrgyzstan,1,43,59196,8634,573054,43681
Nissim Acosta,enim@at.net,Mauritius,1,57,48717,10887,662383,52708
Miranda Berry,lorem@necmauris.ca,Gambia,1,52,66478,13686,356553,49393
Owen Jacobson,ac.orci@Etiamimperdietdictum.edu,"Palestine, State of",1,45,50280,11350,230728,30841
Marvin Becker,congue.elit@vestibulumneceuismod.ca,Reunion,0,56,57394,5628,411831,49373
Davis Scott,neque@variusultricesmauris.edu,Jordan,0,41,63430,10676,481335,41904
Matthew Colon,facilisis@Nullainterdum.edu,Slovakia,1,48,59139,4631,473846,45059
Quinlan Harris,libero.nec@adipiscing.org,Kiribati,1,56,67015,13000,355158,52992
Hedley Greene,eleifend@felis.org,United States Minor Outlying Islands,0,47,69157,15792,506987,50958
Orson Kirby,cursus@nectellus.co.uk,Puerto Rico,1,53,50868,16732,344916,41357
Adria Mathis,Aliquam.rutrum.lorem@Donec.net,Guinea,1,57,53451,8741,309113,44435
Peter Stout,dictum.mi.ac@semperrutrumFusce.com,Guam,0,39,70464,10060,278800,38502
Cleo Moore,pede.et@Sedeu.com,China,0,45,52697,862,540805,41221
Cally Montoya,sit@pedeCum.ca,Sierra Leone,1,33,71055,6148,441527,38399
Ila Farrell,lacus@velit.edu,Sint Maarten,1,44,55406,9523,523251,41457
Abel Stanton,eu.lacus.Quisque@congue.edu,Ecuador,1,40,48567,9724,407401,30395
Reed Roman,laoreet.libero@laoreetlectus.com,Anguilla,0,40,69507,5449,409293,42384
September Puckett,tincidunt@consequatpurusMaecenas.net,Kazakhstan,1,37,69454,9566,386128,39002
Teegan Barr,non.lorem.vitae@eratVivamus.org,Jersey,1,40,36929,9719,245664,19553
Alexander York,eu.odio.Phasellus@ipsumporta.edu,Ecuador,1,44,63088,11024,496856,45167
Jared Green,laoreet@sagittis.edu,Macao,0,43,50889,11041,448602,36020
Eagan Woodward,varius.et@Maecenas.edu,Indonesia,1,58,58065,4205,388499,50938
Ferdinand Weber,metus.Vivamus@vitaeposuere.org,Suriname,1,32,20000,14262,579182,12896
Kitra Kerr,scelerisque@Vivamusnon.co.uk,Palau,1,50,60536,8244,173079,38955
Desirae Stone,Morbi.sit@Aliquamfringilla.ca,Ghana,1,59,50668,9871,536665,51221
Len Phillips,libero.lacus@Suspendisseseddolor.net,Cameroon,1,42,44377,13865,259049,25972
Yen Santana,ornare.facilisis@ornarelibero.ca,Myanmar,0,50,75958,10563,635512,60670
Martina Fuentes,elit@nequeIn.com,Senegal,1,53,70897,11795,398747,54075
Ariana Nash,vel.turpis.Aliquam@consequatpurus.edu,Central African Republic,1,47,56010,11030,391849,40005
Glenna Graham,sodales@maurisSuspendisse.com,Bolivia,0,46,90557,13873,479587,61594
Holmes Lane,ac.orci@accumsaninterdum.co.uk,Laos,1,43,71716,8871,165866,39503
Emerald Hamilton,sit.amet.orci@facilisis.edu,Egypt,0,49,68502,5831,515084,52475
Gage Marquez,malesuada.vel@dictum.co.uk,Guam,0,43,46261,16767,759479,42188
Travis Burks,dictum@liberolacusvarius.ca,Namibia,1,53,61858,5189,706977,57441
Otto Oneill,arcu.Morbi.sit@elementum.ca,Mozambique,1,36,49484,11811,242293,22682
Brian Mathews,vulputate.mauris.sagittis@orciluctus.com,Bhutan,1,30,68289,7358,404457,33641
Ralph Rich,et@tellus.edu,Tuvalu,0,37,47399,14563,537744,31541
Yasir Tyler,pharetra.sed.hendrerit@adipiscinglobortisrisus.edu,Qatar,0,48,63975,10615,891440,60461
Dominic Mcintosh,Cras.vehicula@nibhPhasellusnulla.net,Venezuela,0,44,75461,6281,296972,45738
Tanner Ward,diam@orciUt.ca,Togo,0,42,51075,12417,450402,34804
Wing Gray,urna.nec@tempusscelerisquelorem.org,Nepal,1,50,42434,7336,386057,34643
Lionel Mcclure,odio.auctor.vitae@placeratorcilacus.edu,Saudi Arabia,1,30,61923,10367,323453,27587
Wing Parks,sagittis@magnased.ca,San Marino,1,42,69947,9011,778537,54973
Oleg Gordon,Nunc.sollicitudin.commodo@blanditat.co.uk,Saint Lucia,1,46,73476,9657,386287,49143
Jamal Stephenson,lorem.lorem@in.edu,Vanuatu,1,55,75571,12888,416540,58841
Kadeem Larsen,ornare.lectus.ante@lectusNullam.net,United Arab Emirates,0,44,82573,1697,562605,57306
Todd Maldonado,dui.semper.et@aultricies.net,Solomon Islands,0,58,50650,11212,565932,51942
Victor Yang,arcu.Vivamus.sit@egestasSed.com,Andorra,1,42,53427,7903,238530,30241
Quamar Cummings,mauris@convallisconvallisdolor.co.uk,Falkland Islands,1,57,75247,13258,659279,67121
Dominic Hughes,cursus.vestibulum.Mauris@pedenonummy.com,Nepal,1,43,69175,6040,325701,42408
Lamar Hensley,erat@pedeac.co.uk,Japan,0,35,84171,12720,244311,41452
Solomon Atkinson,Aliquam@laoreet.net,Israel,0,43,45722,14251,790527,42593
Dean Snider,tempus@sit.ca,Christmas Island,0,35,54356,10009,573052,34521
Vernon Kidd,sapien.imperdiet.ornare@vitaeerat.edu,Macedonia,1,34,77206,8493,411070,42214
Dolan Clayton,justo@est.ca,Liechtenstein,0,48,57005,12417,408147,41914
Marvin Deleon,lectus.Nullam@congueelitsed.ca,Mayotte,1,53,65809,4821,692401,59416
Merrill Bailey,natoque.penatibus@nislsem.net,Ecuador,0,47,65468,7249,588571,51403
Adrian Brock,Cras.lorem@nonvestibulumnec.net,Benin,0,54,60992,7329,586369,54755
Rigel Craft,diam.eu.dolor@Proin.com,Liechtenstein,0,51,61809,2620,407734,47143
Chaim Lewis,luctus@ut.org,Liberia,0,59,66905,10077,651216,64392
Kyle Evans,magnis@vitaenibh.org,Saint Kitts and Nevis,0,49,65131,6207,53366,37253
Ulysses Craig,sit.amet@orci.ca,Laos,1,51,83626,8459,167032,52665
Nolan Nixon,arcu@etultricesposuere.co.uk,Iraq,0,40,64328,13860,567357,44001
Oren Rosario,ultrices.Vivamus.rhoncus@lacusMauris.net,Slovenia,1,53,69256,18361,339207,51552
Hector Bowers,eget@Morbiquisurna.co.uk,Maldives,1,45,60575,8088,291360,38244
Tate Molina,erat@sitamet.ca,Qatar,0,45,63729,12507,271430,39767
Julian Alexander,Integer.id.magna@consequatenimdiam.co.uk,Guinea,0,37,64316,14871,502947,40078
Lucian Medina,rutrum@temporbibendum.com,Aruba,0,43,51419,9026,362564,33132
Todd Bass,Lorem.ipsum.dolor@et.edu,Lebanon,0,48,53870,14721,701783,48623
Mannix Snow,elit@euismodenim.net,Monaco,0,49,56895,9852,580950,47693
Benedict Serrano,blandit.viverra@mollisDuis.co.uk,Falkland Islands,1,48,52534,7584,401956,39410
Yoshio Potter,fringilla.cursus.purus@dolorvitae.ca,Martinique,1,45,52633,12349,294000,33428
Stone Koch,facilisis.Suspendisse@Duissit.ca,Guadeloupe,1,43,42375,6063,510039,32700
Elliott Horne,sollicitudin.adipiscing.ligula@Sedeu.co.uk,San Marino,0,62,65617,14392,560593,62864
Tanner Johnson,blandit.at@vulputateullamcorpermagna.org,Kiribati,1,46,49399,6995,174526,29426
Gabriel Carson,et@venenatis.co.uk,Equatorial Guinea,0,51,63870,12861,260269,44419
Cain Love,est.mollis.non@placerat.com,South Africa,1,44,60871,4398,262959,36646
Barry Larsen,Praesent.eu.dui@bibendumsed.com,Wallis and Futuna,0,57,68091,6182,316064,53656
Lawrence Ryan,condimentum@duilectus.co.uk,Tunisia,0,60,54123,15165,254617,45977
Allen Burke,eu.ultrices@In.edu,Pakistan,1,39,59317,12296,510811,38504
Nero Morgan,non.sapien@seddictumeleifend.edu,Bahrain,0,61,38779,12759,581498,47936
Reuben Holden,pede.nonummy@Vivamusnonlorem.co.uk,Macedonia,1,50,88293,10799,378358,60222
Orson Hyde,gravida.sit@eget.net,Djibouti,1,37,68688,15796,375890,38931
Nolan Conner,feugiat@felisNulla.org,Bolivia,1,45,51907,13687,85521,27810
Stuart Reed,elementum@SeddictumProin.net,Serbia,1,50,52374,11348,633383,47604
Rashad Harper,auctor@arcuimperdiet.ca,Timor-Leste,0,32,73768,8132,562664,42357
Dieter Delaney,sit.amet.risus@ipsum.ca,Peru,0,34,55577,9396,475126,31301
Hop Farley,in@et.co.uk,Austria,1,45,59690,14863,449895,42370
Darius Herring,imperdiet@sem.edu,"Palestine, State of",0,50,55382,5088,20000,31837
Baker Saunders,Aliquam.nisl@hendreritidante.org,Lithuania,0,51,34155,5316,216355,26499
Kermit Fuentes,ac@sedpedeCum.org,Curaçao,0,53,54383,6940,191168,38173
Marvin Garner,in@sed.org,Djibouti,0,34,65920,7594,543790,39433
Sebastian Marks,et.eros@feugiatmetussit.net,Zimbabwe,0,56,39488,10992,363561,37714
Hector Price,Aliquam.nisl@semegetmassa.co.uk,Martinique,1,57,72638,14939,352508,57125
Holmes Irwin,Nunc.sed.orci@Namligulaelit.net,Mauritius,1,48,67247,9852,368344,46453
Trevor Faulkner,ut@vitaesodales.net,Uganda,0,40,71272,13122,411046,43855
Gannon Nguyen,et.rutrum.eu@congue.net,Kenya,0,50,71693,14421,517480,55593
Quentin Randall,Fusce.aliquet@egetmassa.co.uk,Macao,0,47,57861,7146,445746,42484
Baker Norton,convallis@purus.net,Jersey,1,39,69142,8708,399124,40879
Hakeem Mendoza,Maecenas@scelerisquelorem.ca,Kuwait,1,36,52478,12071,97707,20653
Peter Maynard,vel.est.tempor@egetvenenatisa.com,Guinea,1,44,47592,13168,473101,35439
Devin Humphrey,sodales.Mauris@ametornare.ca,Greece,0,47,48123,922,405550,36113
Isaiah Harding,pede.blandit@disparturient.net,Bouvet Island,1,33,76916,13924,315184,38182
Graiden Powell,pellentesque.tellus@faucibusidlibero.com,Thailand,1,42,65714,12557,362707,41026
Chancellor Padilla,pharetra@nuncsedlibero.edu,Bahamas,1,47,40346,11506,255922,27890
Philip Barnes,senectus.et.netus@nibhDonecest.net,Latvia,0,40,71148,7918,416817,43724
Cameron Cash,auctor@ipsum.org,Hong Kong,1,54,81758,7501,278182,57431
Eric Green,arcu.vel.quam@magnaPraesentinterdum.co.uk,French Polynesia,0,38,64867,13963,498442,41104
Tanek Koch,blandit@nunc.org,Sierra Leone,0,40,70052,4701,613707,49051
Alan Browning,purus@Sed.ca,Åland Islands,1,45,62043,4981,357639,41266
Phelan Montoya,magna.tellus.faucibus@etmalesuadafames.co.uk,Yemen,0,51,85186,12413,546631,64545
Chancellor Patel,metus.eu.erat@suscipitnonummy.com,Heard Island and Mcdonald Islands,1,38,47127,10221,427011,29052
Palmer Cohen,non.leo@mollis.net,"Virgin Islands, British",1,34,61177,9837,340663,30720
Ahmed Wright,consectetuer@auctorodio.com,Singapore,1,50,57770,8628,211765,38763
Burton Carroll,rhoncus.id.mollis@Maurisvel.org,Algeria,0,42,60432,11417,415005,39331
Nero Miranda,semper@vulputateposuere.net,Bhutan,1,33,59000,6904,478423,32608
Ali Strong,dis.parturient.montes@eratvel.com,Wallis and Futuna,1,56,62646,11431,613242,58046
Nasim Ryan,est.congue.a@convalliserat.net,Cocos (Keeling) Islands,0,57,68782,9811,350158,54387
August Duncan,tempor.bibendum@Nuncpulvinar.co.uk,Saint Martin,1,37,67546,7171,322905,36638
Kieran Gilliam,ac.nulla@consectetueripsumnunc.co.uk,Bolivia,0,51,42415,5205,520997,39522
Stone Hunt,convallis.erat@eratvel.org,Northern Mariana Islands,0,63,44618,9684,251702,42978
Malachi Henson,adipiscing.elit@Nunc.com,Croatia,1,53,72227,5817,623033,60866
Seth Massey,in.aliquet@fermentumvel.com,Jordan,1,51,48959,2419,615672,46380
Ulric Robles,fringilla@ornare.edu,Malta,1,48,86068,9181,335653,56580
Gannon Marquez,Aliquam@porttitor.net,Mauritania,1,41,65554,12027,462614,42774
Marshall Armstrong,ipsum.cursus.vestibulum@a.com,Guyana,0,39,69248,6446,298246,37880
Christian Huffman,dignissim.Maecenas@tinciduntnuncac.co.uk,Laos,0,45,59331,10028,543313,45208
Gil Sanders,eu.ultrices@cursuset.net,Haiti,0,70,52323,12439,346555,56229
Otto Thomas,orci.tincidunt.adipiscing@erat.edu,Cocos (Keeling) Islands,0,51,63553,9348,474763,50455
Moses Blackburn,et.malesuada.fames@musProin.edu,Madagascar,0,51,75116,5970,232607,49721
Drake Chen,enim.commodo@consequatenimdiam.com,Faroe Islands,0,42,38284,15468,587011,31697
Christian Hernandez,dolor@vehiculaPellentesque.co.uk,Kyrgyzstan,1,50,55294,9465,629764,49220
Jelani F. Pace,Morbi@atarcuVestibulum.co.uk,Saint Barthélemy,1,40,63211,3658,664431,46189
Tiger I. Melton,rhoncus@nisl.net,Israel,1,44,54918,8920,347018,36087
Quail D. Horne,sit.amet@FuscemollisDuis.org,Uganda,0,52,57263,7793,322150,43264
Hammett A. Manning,sapien.cursus.in@netus.edu,Samoa,1,41,72300,11545,275389,40660
Lamar V. Guthrie,vel@arcuVestibulumante.com,Heard Island and Mcdonald Islands,0,57,50241,14818,607395,51684
Abra D. Golden,odio@Duis.com,Poland,0,54,65835,15353,152012,44525
Vaughan L. Mathis,eu@iaculis.org,Bhutan,1,50,60382,11303,490444,48519
Alfreda V. Harrell,molestie@mi.net,Algeria,1,37,68691,16306,619707,45805
Nora X. Decker,non.enim@diam.org,Congo (Brazzaville),0,52,65447,8492,571565,54850
Jeanette Q. Leach,vitae@nisl.net,Liechtenstein,0,43,42978,8884,491193,32478
Keiko O. Whitaker,est@porttitortellus.com,Timor-Leste,0,52,58143,9686,261153,42209
Hector F. Leblanc,Curabitur@maurisaliquameu.net,Guernsey,0,64,61666,11673,299854,55126
Emerald R. Cohen,in.consequat.enim@consectetuer.edu,Sao Tome and Principe,0,51,64854,3248,371240,47984
Cathleen E. Ortega,lectus@aliquamenim.org,Ghana,0,55,45757,11207,465710,43406
Velma K. Moses,augue.scelerisque@luctuslobortis.com,Guam,1,47,73097,10744,196422,44577
Lael W. Sheppard,eu.metus@sodalespurusin.net,Armenia,1,36,67249,12998,396793,37745
Indigo P. Dejesus,quam.Pellentesque.habitant@felis.com,Cocos (Keeling) Islands,0,39,77166,8737,478853,47805
Quinlan S. Cantu,pede.Praesent.eu@Aliquam.net,French Polynesia,1,45,72316,8729,279393,44847
Mariam I. Montgomery,vel.mauris@accumsanneque.co.uk,Grenada,1,47,68431,14089,383693,46643
Pamela M. Cantu,posuere.enim.nisl@lectusNullam.ca,China,0,47,62311,9832,830430,56564
Hanna C. Martinez,Maecenas.mi.felis@amet.co.uk,Saint Kitts and Nevis,0,60,53229,10757,112127,41673
Lynn S. Avery,dui.Suspendisse.ac@Sedegetlacus.net,Venezuela,1,59,77662,13445,331460,61118
Laurel H. Snow,dui.Suspendisse.ac@tacitisociosqu.org,Andorra,1,36,69495,20000,335810,37304
Keegan Q. Ramirez,aliquet@volutpatNulla.edu,Yemen,0,47,61063,12066,509543,46892
Shad K. Hancock,sit.amet@Proin.org,United States,1,38,79369,13502,761936,56458
Harding E. York,quis.lectus.Nullam@egestas.org,French Polynesia,1,42,61693,10835,620522,45510
Indira A. Aguilar,erat.Sed.nunc@aneque.ca,"Virgin Islands, United States",1,33,47212,4295,539366,27625
Bell K. Romero,non.sapien.molestie@rhoncus.edu,Saint Pierre and Miquelon,1,39,69898,9625,565815,46390
Cassady L. Foreman,magna.Suspendisse@tincidunt.edu,Marshall Islands,0,39,63676,9632,74258,29002
Samson N. Wagner,magna@sagittisaugueeu.org,Saint Barthélemy,1,55,72302,10814,234159,51356
Wade O. Diaz,vel.sapien.imperdiet@dolorsit.co.uk,Greece,0,45,63687,13421,358616,42011
Len B. Finley,dis@dis.edu,Greenland,1,51,63678,5012,563499,52654
Emerald U. Hanson,dui.quis.accumsan@pedeCrasvulputate.co.uk,United Arab Emirates,0,49,77435,6922,48620,44433
Cody G. Gill,sagittis.Nullam@acrisus.com,Puerto Rico,1,46,62721,16128,494986,46055
Kyle R. Kaufman,Morbi.vehicula@mattis.org,Israel,1,53,70843,9537,545947,58235
Drake D. Gray,orci.consectetuer@porttitor.com,Mauritania,1,39,55286,17462,734444,42990
Honorato M. Butler,Cum.sociis.natoque@purus.ca,Sao Tome and Principe,1,43,72002,14710,568948,50702
Tate C. Foster,dignissim.magna@Maurisvel.edu,Viet Nam,1,70,41435,6811,252220,47010
Zelenia L. Lowe,Nunc.mauris.elit@Curabiturvel.edu,Bermuda,0,51,60404,4199,513975,49400
Callum U. Sweet,sem.ut@odio.edu,Equatorial Guinea,0,52,65239,7437,168703,42997
Zane I. Boone,blandit@Cum.edu,Bahrain,1,45,62939,632,455590,44435
Timothy J. Terrell,orci@lobortis.com,Laos,0,48,60608,8233,492113,46326
Zahir A. Estes,eleifend.vitae@Pellentesquehabitantmorbi.ca,Norfolk Island,1,48,56118,9243,586717,46847
Michelle W. Ryan,ante.lectus@duiCum.net,Italy,0,48,86706,9653,333544,56499
Serena B. Moody,vitae.risus.Duis@hymenaeos.edu,French Guiana,1,57,41236,9399,466988,42774
Mark V. Vaughn,Morbi.vehicula@ac.net,Israel,1,46,77146,7903,418765,52314
Anjolie A. Galloway,consequat.nec.mollis@nec.ca,Marshall Islands,0,44,56437,10462,249183,34140
Kylee O. Warner,cursus.in@neque.co.uk,China,1,65,70704,5025,284992,60763
MacKenzie O. Fowler,Aliquam.nec.enim@nec.co.uk,Saint Barthélemy,0,57,69810,4685,720424,66159
Lana S. Pace,augue@orci.com,Cape Verde,1,47,54279,5699,124979,31216
Wilma L. Stevenson,non.vestibulum@consectetuer.ca,Sao Tome and Principe,0,36,70334,9823,632600,46135
Sandra J. Huber,enim@famesac.org,Benin,0,57,59168,10474,623488,56973
Octavius C. Spencer,Curabitur.consequat@miDuisrisus.com,Bangladesh,0,33,61890,12024,133226,24184
Brendan G. Kelley,vel@lorem.org,Venezuela,1,43,66014,7040,610942,49080
Shaeleigh M. Mckenzie,diam.lorem.auctor@estmollisnon.net,Christmas Island,1,46,55434,18693,316907,37094
Rooney R. Padilla,eu.turpis@accumsansed.co.uk,Philippines,0,45,68500,15437,308446,43402
Damon K. Boone,nec@ad.net,French Southern Territories,1,43,54750,7632,152883,29092
Taylor A. Patel,erat.vitae.risus@temporarcu.edu,Jamaica,1,38,74590,5614,573442,48349
Lillith H. Larsen,dignissim.lacus.Aliquam@maurissapien.com,Thailand,1,40,67773,6887,134188,33261
Tobias L. Sullivan,tempus.non@nasceturridiculus.ca,Poland,1,43,62564,6130,426489,41327
Quincy Q. Ayers,nisl.Nulla@Donecelementumlorem.net,Belarus,0,42,70361,12025,575501,49336
Ulysses X. Burch,Sed.nunc.est@arcuMorbi.edu,Kyrgyzstan,0,51,74811,13658,286850,51406
Jorden I. Whitley,turpis@orci.com,Italy,0,38,49346,5828,479686,31250
Heather G. Goodwin,semper.egestas@maurissapien.co.uk,Uganda,1,41,73426,14823,336868,43599
Yardley W. Jacobson,enim.non.nisi@Ut.net,Saint Pierre and Miquelon,1,54,47684,10129,613373,48300
Gray F. Walker,lobortis.Class.aptent@iaculis.com,Turkmenistan,0,45,72940,7787,589670,54013
Piper S. Houston,risus@enimconsequat.org,Pakistan,0,41,72278,13581,202710,38675
Chester X. Carrillo,tempor.erat.neque@ac.com,French Polynesia,1,40,53921,9046,515305,37077
Nathaniel P. Stephens,Cras.dictum.ultricies@conubia.ca,Guatemala,0,32,65313,11399,572038,37948
Jennifer C. Williamson,rutrum@fermentumconvallisligula.ca,Paraguay,0,54,55619,11212,229071,41320
Rae C. Hodge,lacus@massaSuspendisse.ca,Kiribati,0,55,70915,9644,779144,66889
Urielle M. Contreras,elit.Aliquam.auctor@dolor.org,Bolivia,0,35,33423,8571,211169,12537
Mechelle W. Stanton,Pellentesque.habitant@auctorquistristique.org,Saint Barthélemy,0,46,53382,5055,438492,39549
Leila F. Hubbard,ultrices.posuere.cubilia@magnisdis.com,Samoa,1,45,74173,11316,521404,52709
Tanisha H. Foster,sem.vitae@malesuadafringillaest.net,Andorra,0,50,53587,8501,811594,53503
Hammett F. Marsh,tempus.scelerisque@maurisaliquam.ca,Iraq,1,54,58012,9822,552454,52117
Calvin A. Lancaster,ante.bibendum.ullamcorper@fringilla.net,South Africa,1,29,69172,6355,613105,38706
Rachel H. Ballard,ipsum.leo.elementum@amet.org,Saint Vincent and The Grenadines,1,56,66780,14300,202577,48025
Solomon P. Randolph,orci.luctus.et@lacus.com,Argentina,0,54,79173,6913,397700,59484
Kasimir Q. Cherry,risus@in.net,Andorra,0,33,63065,8908,505897,35912
Dominic I. Faulkner,pharetra.Nam@sociisnatoque.org,Tonga,0,48,65530,8774,210574,41034
Pascale I. Key,urna.suscipit@enim.ca,Equatorial Guinea,0,49,63732,12848,581620,51730
Nola L. Sweeney,eu@necmaurisblandit.co.uk,Solomon Islands,0,55,62690,8732,481514,53022
Clementine X. Powell,quis.pede@Aliquamfringilla.ca,Papua New Guinea,0,42,51540,6933,371356,32828
Quinlan U. Sears,magna@velarcueu.ca,Canada,1,41,59060,5842,136346,29418
Odette Q. Sherman,Mauris.molestie@Intincidunt.co.uk,Sierra Leone,1,53,62714,11498,679435,57462
Kirestin F. Yang,eleifend.egestas.Sed@tempus.net,South Africa,1,53,44748,4975,793987,50442
Colleen S. Mcguire,tincidunt@Proinsedturpis.edu,Grenada,0,44,65530,3933,353930,41575
Dennis N. Thompson,vitae.erat@urnaNullamlobortis.ca,Guatemala,0,42,62427,6620,630411,46412
Lester J. Burch,Nunc.mauris@commodo.com,Turkmenistan,0,41,73498,3067,491904,47610
Madeson R. Salinas,Cum.sociis.natoque@acnullaIn.edu,"Bonaire, Sint Eustatius and Saba",0,48,86565,13702,819002,70878
Abigail X. Lindsey,dui@nondui.ca,Croatia,0,63,46549,640,626164,55543
Rachel E. Suarez,non.vestibulum.nec@euturpis.co.uk,Guam,1,59,70112,7949,239218,53849
Derek X. Richards,tincidunt@porttitor.com,Croatia,1,45,66748,9691,221291,39905
Evangeline G. Cooper,Integer.id.magna@Sedidrisus.org,Saint Barthélemy,1,47,72026,6989,222341,44736
Kieran G. Justice,in@Sed.co.uk,Samoa,1,49,70737,13851,266765,46937
Zenia H. Patel,dis@tortor.com,Puerto Rico,1,40,57456,12186,159728,28441
Michelle R. Burke,dui@justo.ca,Mauritania,1,41,60658,3331,392178,38148
Florence U. Hunter,diam@tellus.org,Ethiopia,0,47,50694,10882,587859,42748
Jelani A. Wall,aliquet@Duisa.co.uk,Brazil,0,27,55370,10889,606851,29671
"England, Abel D.",enim.commodo@parturientmontesnascetur.org,Åland Islands,1,46,82426,7525,684274,63038
"Oconnor, Linus Q.",Donec.elementum@Fuscemilorem.co.uk,Mayotte,0,51,82094,1066,577273,63249
"Herman, Griffith P.",ligula.Nullam.enim@nibhlacinia.edu,Liechtenstein,0,43,74091,10878,225670,42322
"Knapp, Quamar P.",Maecenas.libero.est@miacmattis.com,El Salvador,0,32,73936,8254,625484,44463
"Chambers, Avram C.",Nunc.pulvinar.arcu@ultricesaauctor.ca,Isle of Man,1,63,75719,10515,474486,67092
"Cervantes, Rylee Q.",luctus.lobortis.Class@sitametdapibus.co.uk,Gambia,1,35,47054,7235,275762,22091
"Ashley, Macon Z.",metus.Vivamus.euismod@arcuVivamus.co.uk,Bosnia and Herzegovina,1,50,42003,6053,579220,40022
"Jimenez, Joel G.",faucibus.lectus.a@ut.net,Iraq,0,51,74419,8633,472762,56072
"Bond, Caryn Y.",libero.Proin@acnulla.net,Guinea-Bissau,1,54,52786,9247,556015,49442
"Gross, Cedric D.",aliquam.adipiscing@maurissapien.edu,Bhutan,0,37,78805,12710,315059,42498
"Dyer, Aline L.",convallis@scelerisque.net,Maldives,0,44,66932,11033,149761,37085
"Rivers, Sonya A.",vel.lectus@Praesent.net,India,1,57,56066,5236,497876,51866
"Frazier, Kai O.",Cras@quamelementum.com,Liechtenstein,0,47,48592,14309,364859,35716
"Bond, Nyssa S.",fringilla.euismod.enim@aauctornon.net,Bolivia,0,52,38214,11493,579059,39893
"Rush, Jarrod T.",vestibulum.nec.euismod@netusetmalesuada.ca,Mongolia,1,52,56445,11933,69822,35781
"Stephens, Tanner E.",egestas@turpisnecmauris.com,Mozambique,0,48,67081,7880,244188,42866
"Cameron, Kimberley P.",nec.tellus@lacinia.co.uk,Namibia,1,55,83334,9874,1000000,80000
"Mcdowell, Victoria J.",risus.Duis@ornareFuscemollis.net,Trinidad and Tobago,0,47,73502,11132,765712,60527
"Dalton, Grant D.",velit@doloregestas.net,Moldova,1,45,88816,9317,493592,59759
"Gregory, Reuben Z.",fermentum@blanditviverra.ca,Martinique,1,40,70381,6719,305253,39606
"Schultz, Lee I.",velit.eget.laoreet@quis.ca,Algeria,1,47,67648,8768,787984,58642
"Wise, Mechelle E.",est.mollis@dui.ca,Mauritius,0,45,79782,11148,427288,52984
"Mcclure, Avye L.",dictum@lorem.org,Israel,1,49,64665,7404,521816,50667
"Livingston, Blaze Y.",montes.nascetur@liberoet.co.uk,Serbia,0,60,58838,12789,622325,59625
"Fuentes, Dora E.",nonummy@ornareelitelit.org,Sierra Leone,0,34,49607,9344,290712,22630
"Thompson, Alvin R.",interdum.ligula@Phasellus.edu,Iraq,0,36,67032,7667,516738,41138
"Armstrong, Hedda N.",magnis.dis@aliquam.org,Equatorial Guinea,0,51,65246,11554,542777,53496
"Casey, Sylvia E.",Integer.vitae.nibh@a.org,Tanzania,0,42,56174,10395,398012,36544
"Shaw, Rooney Q.",Curabitur.vel@Nullam.net,Mayotte,0,48,47227,11313,642335,43504
"Sexton, Shaeleigh H.",Cras.convallis.convallis@Fuscealiquam.net,Niue,1,35,40300,8828,719847,31147
"Langley, Skyler J.",mi.eleifend.egestas@cursuset.net,Austria,1,44,45505,9245,374778,31526
"Caldwell, Yolanda F.",ac.facilisis.facilisis@necmalesuada.com,Czech Republic,0,48,50017,7514,160487,31084
"Olson, Riley O.",ornare.sagittis@hendrerit.ca,Bouvet Island,1,47,66227,8512,356213,45366
"Irwin, Dillon J.",arcu@dictummiac.edu,Tokelau,0,31,41362,10756,615720,25253
"Terry, Mollie K.",quam.dignissim.pharetra@aauctornon.ca,Greenland,1,45,56687,9050,414035,39889
"Hudson, Maxwell F.",metus.eu.erat@non.org,Guernsey,0,49,68115,11634,521061,52241
"Levy, Irma P.",lacus.varius@sitamet.ca,Saint Kitts and Nevis,0,61,51087,12255,59630,39912
"Brady, Oscar Y.",erat@urnaUttincidunt.com,Rwanda,0,51,71921,6354,169714,45858
"Dudley, Ryder M.",sed@sedtortor.co.uk,Falkland Islands,1,35,56807,8852,385251,30826
"Morales, Halla M.",elit.elit.fermentum@erosturpisnon.org,United States Minor Outlying Islands,0,53,43020,8527,454792,39423
"Holloway, Brennan Q.",fringilla.purus.mauris@risusatfringilla.ca,Morocco,1,42,63875,11398,188328,34679
"Powers, Naomi B.",Cras.eu@vitaevelitegestas.net,Samoa,1,39,41587,5397,322892,23518
"Armstrong, Naomi D.",nunc.sed.pede@Quisqueporttitor.net,Colombia,1,38,49662,4679,375654,28734
"Flores, Caldwell U.",ut@Etiamvestibulum.ca,Western Sahara,0,41,92471,5404,515718,59096
"Russo, Fleur N.",erat@at.edu,Kuwait,0,44,70137,7766,555993,50189
"Reese, Sylvia H.",Proin.nisl.sem@Maecenasmalesuada.co.uk,Turks and Caicos Islands,1,43,52665,14436,411933,35659
"Burke, Simon H.",lacinia@Nullam.com,Morocco,1,39,55618,7558,854284,46398
"Mayer, Paki D.",Nunc.lectus.pede@egestasrhoncus.com,Somalia,0,33,54912,8204,537572,32291
"Bush, Jessica C.",dolor.sit.amet@iaculisneceleifend.ca,Micronesia,0,47,56693,7946,685542,49079
"West, April J.",ante@nisi.org,Marshall Islands,0,45,63561,3730,608020,49349
"Levy, Wesley S.",facilisis.vitae.orci@sociosquad.co.uk,Dominican Republic,1,51,62789,13224,192515,41428
"Nieves, Bertha O.",dolor@velitegestas.org,American Samoa,0,42,38454,15283,320834,24222
"Patrick, Merritt L.",ut@nonummyut.net,United Kingdom (Great Britain),0,55,59486,6515,228434,44424
"Mcdaniel, Marcia Z.",non.nisi.Aenean@etmagnis.co.uk,Armenia,1,62,68150,9560,401916,60390
"Ortiz, Drew P.",tincidunt@vel.edu,Seychelles,0,52,49393,11522,475263,42794
"Oneill, Tiger A.",orci.Phasellus@ut.org,Maldives,0,51,72262,12125,187821,46936
"Sims, Tashya J.",aliquam@anteNuncmauris.ca,Latvia,1,63,64494,8766,408680,58667
"Lawrence, Hope Z.",metus.vitae@Morbisitamet.ca,Switzerland,1,46,54363,15647,388898,38043
"Jenkins, Hasad P.",adipiscing.elit.Aliquam@Utsagittislobortis.co.uk,Saint Martin,1,47,55658,9625,377425,39271
"Rodriguez, Basia D.",Vestibulum@lobortis.org,Senegal,0,58,73512,11054,236421,54606
"Blair, Abra U.",montes@Loremipsum.edu,Belize,1,37,70622,9384,366328,39084
"Rosario, Elijah N.",In@non.com,Grenada,1,51,70276,10359,253182,47984
"Beach, Victor S.",consequat.auctor@lacuspede.co.uk,Chile,0,36,74420,10274,551344,46083
"Ruiz, Rafael L.",sed.pede@volutpatNulladignissim.net,Uruguay,1,32,54395,10694,549212,30964
"Macdonald, Rahim B.",augue.eu@nisi.edu,South Georgia and The South Sandwich Islands,1,32,60384,11518,589180,35727
"Valdez, Joy U.",lobortis.quam@velarcueu.org,Guinea,1,43,66814,15459,600685,49065
"Watson, Moana M.",ipsum.Suspendisse@diamDuismi.org,Afghanistan,0,51,84121,9597,27889,48956
"Cote, Evangeline F.",lorem.tristique.aliquet@estNunclaoreet.net,Belgium,1,43,54237,7275,432448,37183
"Delgado, Jasper U.",lacinia@posuere.ca,Isle of Man,1,58,64427,9515,137602,46711
"Hardy, Hilary R.",egestas.Fusce@orciDonecnibh.com,Micronesia,1,49,71150,9849,480468,52890
"Stafford, Berk Y.",Quisque@ultriciessem.net,Dominican Republic,0,43,60325,10128,62150,29755
"Daugherty, Veda M.",venenatis.vel.faucibus@iaculisnec.net,Guinea,1,48,91084,13149,387538,60961
"Harmon, David N.",aliquet.diam.Sed@posuere.org,Curaçao,0,40,60380,2800,508962,39975
"Houston, Grant O.",ut.aliquam@egetlacusMauris.ca,Bermuda,1,35,72948,12664,360457,38546
"Collier, Xerxes Q.",eu@magnaLorem.org,Lithuania,0,43,74835,9366,712234,56764
"Lewis, Jackson U.",pellentesque.a.facilisis@nonlacinia.co.uk,Afghanistan,1,57,67752,13852,657178,63080
"Smith, Nola H.",orci.lacus.vestibulum@gravidasit.co.uk,Saint Vincent and The Grenadines,1,47,59206,2689,856287,55701
"Jensen, Ebony Y.",ac@sagittisNullam.net,Portugal,0,32,64874,8512,528088,36367
"Kim, Claudia W.",sit.amet@dignissimmagnaa.edu,Macao,0,44,63306,16147,749017,52478
"Livingston, Lucas K.",porttitor.scelerisque@Aliquam.ca,Uruguay,0,50,74176,11894,290608,50297
"Bradford, Daquan F.",Nunc@euarcuMorbi.ca,United States,1,44,47231,4421,558001,37260
"Park, Quincy A.",amet.consectetuer@orciinconsequat.ca,Antarctica,0,57,65981,7009,173273,47716
"Dillon, Lynn W.",ornare.egestas.ligula@urnaVivamusmolestie.com,Western Sahara,0,35,51429,9221,457116,29541
"Blackburn, Joel Y.",semper@tristique.co.uk,"Korea, South",1,53,75381,7925,545126,60567
"Sanders, Selma F.",velit.Pellentesque@Nullam.org,Syria,1,41,54742,10343,447393,36125
"Solis, Melissa T.",placerat.eget@placeratorcilacus.com,Saint Vincent and The Grenadines,0,44,76245,6139,674191,57304
"Holmes, Ross Y.",velit@Pellentesquetincidunttempus.net,Bulgaria,1,63,60410,9611,255285,51922
"Sutton, Michelle D.",enim.Mauris@Namac.net,Madagascar,0,50,57601,10340,128388,35849
"Munoz, Kennedy K.",dolor@nislelementumpurus.edu,Bouvet Island,1,42,71372,7095,321431,42704
"Little, Hayley R.",nunc.est@purusmaurisa.co.uk,Cayman Islands,1,41,79444,11620,627087,55175
"Church, Lareina E.",lectus.rutrum.urna@nisinibh.co.uk,Honduras,0,40,47569,7840,281691,26600
"Wolf, Tashya X.",nulla.Integer.vulputate@eutelluseu.edu,Anguilla,1,40,71194,3855,762832,53993
"Barr, Hyatt D.",sem@odiovel.edu,Mexico,1,56,46413,11652,595029,47971
"Hopper, Orson W.",luctus@magnaseddui.net,Tunisia,1,48,57368,10176,466129,43642
"Decker, Jolie T.",pellentesque.massa.lobortis@facilisis.net,Kyrgyzstan,1,41,65826,11715,416749,41680
"Chaney, Reuben I.",Integer@vulputate.net,Saint Pierre and Miquelon,0,61,61825,11212,660897,63140
"Ross, Kermit D.",Donec@lacusQuisquepurus.net,Australia,1,35,61723,9913,291897,30758
"Hampton, Venus Q.",elit@faucibusMorbivehicula.net,Guadeloupe,0,55,72310,3094,724025,65592
"Chavez, Ralph U.",Aenean@interdum.edu,Tuvalu,0,37,67549,10462,388284,37872
"Whitaker, Adena B.",pharetra.sed.hendrerit@accumsanneque.com,Equatorial Guinea,0,48,62176,12967,343291,42920
Nola,elit@Fuscealiquamenim.ca,Montenegro,0,32,60585,8133,129636,22599
Melodie,facilisi.Sed@tortordictum.com,"Korea, South",1,62,66655,8002,805076,70599
Seth,dignissim@nibhPhasellus.com,Turks and Caicos Islands,0,49,63719,11863,298920,43243
Kyra,Etiam@diamluctus.org,Portugal,0,43,60863,8034,344060,38139
Caldwell,amet@congue.edu,Iceland,1,36,67508,10189,141588,30420
Benjamin,nisi.Mauris.nulla@vitaeodiosagittis.ca,Faroe Islands,0,61,61640,17871,684210,63869
Florence,eros@faucibus.com,"Virgin Islands, British",0,46,63173,6332,456525,45113
Oleg,Aenean.gravida@mifelis.com,Tuvalu,0,57,58654,17142,201228,44362
Donovan,iaculis.odio.Nam@sedfacilisis.org,Saint Vincent and The Grenadines,1,36,40559,4981,283241,19525
Blaze,vitae.semper.egestas@montesnascetur.co.uk,Costa Rica,0,49,76870,5575,266531,49992
Illana,mi.pede.nonummy@euismodetcommodo.org,Bahamas,1,63,71949,8062,365863,61732
Yvette,justo@pedeCras.ca,Brazil,0,49,67630,10917,151946,41769
Walter,metus.vitae.velit@CuraePhasellus.co.uk,Antarctica,1,44,67121,12087,472403,46403
Dexter,est.arcu@in.org,Senegal,1,43,57376,12879,376886,37377
Cameran,tristique@ligulaAliquam.net,Mauritania,0,48,56945,16449,116408,33767
Penelope,vestibulum@metus.org,Luxembourg,0,37,60174,15666,271415,30668
Hyatt,erat.Vivamus@ligula.co.uk,Algeria,1,49,81997,12616,237185,52056
Stone,neque.non@iaculisaliquet.edu,Colombia,1,40,36961,1769,630120,30737
Irma,placerat.eget.venenatis@elitpharetraut.edu,Jersey,0,42,64412,10450,355175,39439
Josiah,Phasellus@Aliquamadipiscing.co.uk,Bolivia,1,30,70076,1727,552268,38175
Nathan,Nam.interdum.enim@et.com,Isle of Man,1,43,72017,11603,205006,40590
Stacy,aliquet.odio@fermentumvel.edu,Belarus,0,55,63186,7122,762601,62029
Kane,iaculis.quis.pede@adipiscingenim.net,Slovakia,0,40,76087,9258,482867,48465
Reed,diam.nunc@lectusconvallisest.org,Kuwait,1,38,74446,7515,297964,40095
Lani,odio.Phasellus@fringilla.co.uk,Congo (Brazzaville),0,43,85476,13786,267555,49568
Curran,risus@Sedmalesuada.net,Tokelau,1,37,51112,9058,461367,31409
Rhonda,Sed.congue.elit@faucibusleo.ca,Hungary,0,41,79065,7222,365871,47719
Leroy,arcu.et.pede@Morbinequetellus.org,Mauritania,1,42,55515,8010,394230,35784
Adrienne,mauris.Morbi@ligulatortordictum.net,Kyrgyzstan,0,38,75902,6513,357468,42906
Aileen,venenatis.lacus@nuncQuisque.edu,Chile,0,43,56688,10827,790116,48517
Rafael,nonummy.Fusce@sem.net,Angola,0,44,59801,8042,601745,45594
Olivia,lacus.vestibulum.lorem@gravidaAliquamtincidunt.ca,Grenada,0,41,57304,10836,258195,32062
Hiram,ipsum.non.arcu@placeratorci.com,Belize,0,46,43413,7843,392003,32208
Jelani,consectetuer.adipiscing.elit@vestibulumneceuismod.net,Bangladesh,1,46,58949,8282,205439,35475
Madeson,libero.et@Crasdictum.ca,Christmas Island,1,40,56086,6589,228389,29520
Uriah,molestie@commodoauctorvelit.co.uk,Niger,1,45,80016,9065,508555,55421
Brady,massa@nec.co.uk,Malta,1,58,41409,8211,421319,42140
Denise,montes@inconsectetuer.edu,Niue,0,62,40388,5761,622570,50540
Lyle,nascetur@amet.org,New Caledonia,0,52,48747,3923,217188,34922
Victor,lectus.a@nonhendreritid.org,Armenia,0,44,70230,8542,320526,43898
Demetria,Donec.at@sedlibero.net,Slovakia,0,44,64961,6886,265717,39135
Ora,bibendum.Donec.felis@liberoestcongue.org,Uruguay,1,40,57777,19693,601210,41147
Trevor,Sed@Pellentesquetincidunttempus.edu,Chile,0,33,54447,13141,284155,24135
Kristen,urna@vitaeodiosagittis.ca,Egypt,1,44,59712,7136,487565,42705
Aristotle,ac@non.com,Namibia,0,42,65605,13629,297541,38902
Camden,Aliquam.adipiscing.lobortis@loremut.net,Congo (Brazzaville),1,20,70467,100,494607,28645
Urielle,est.congue@Nunc.edu,Canada,0,53,76319,6392,245216,52150
Jolene,erat.neque.non@elit.com,Viet Nam,1,56,77658,14438,622832,66648
Holly,accumsan@parturientmontes.net,Micronesia,1,44,60488,9911,478429,42909
Wayne,molestie.orci@condimentum.com,Cape Verde,1,52,67730,10280,314885,49248
Judith,vel.nisl.Quisque@mollisPhasellus.co.uk,Poland,0,43,49463,6478,201637,27303
Dennis,nunc.nulla.vulputate@dignissimmagnaa.edu,Haiti,1,49,65850,3912,419557,47870
Kaitlin,parturient@Nuncsollicitudincommodo.co.uk,French Southern Territories,1,56,66505,3943,621310,59984
Harriet,amet.orci@tellus.net,Mali,0,47,58261,4658,507573,45271
Tatyana,sem@parturientmontesnascetur.net,Norfolk Island,0,25,45093,11380,158758,9000
Paula,Nam@enimmitempor.com,Northern Mariana Islands,1,45,63846,7762,505049,46012
Tamekah,ut.pharetra@ametultricies.net,Costa Rica,1,46,55294,8277,169476,32967
Brandon,non@purusaccumsaninterdum.com,Suriname,0,33,87598,10815,485564,48785
Veda,et.euismod@Duis.co.uk,Luxembourg,1,43,71753,9120,400703,45825
Seth,Nulla.aliquet@sedturpisnec.co.uk,Bosnia and Herzegovina,1,48,45368,12203,577058,40102
Kai,velit@molestie.com,Greenland,0,48,45363,2525,399438,35457
Piper,erat.neque@mattisvelitjusto.org,Malawi,0,40,40727,9726,508529,29557
Hillary,ut.mi.Duis@quisarcu.com,South Sudan,1,39,58633,12035,516817,38243
Francis,Phasellus@estcongue.ca,Solomon Islands,0,39,66680,10263,556946,44431
Rogan,pulvinar@porttitortellus.ca,Jamaica,1,54,75892,8111,177878,51046
Kyle,a.feugiat@enimnisl.com,Papua New Guinea,0,53,59297,9592,567842,52570
Vaughan,Aliquam@aaliquet.com,Ukraine,0,51,92456,9877,285326,61404
India,risus.at.fringilla@feugiat.ca,Nigeria,0,55,32698,10858,218809,28464
Edward,rutrum.urna@faucibusidlibero.co.uk,Greenland,1,35,55419,8838,312928,27586
Laurel,felis@orciconsectetuereuismod.ca,India,0,43,68921,8120,515012,47979
Igor,Proin.eget@aliquetnecimperdiet.org,Grenada,0,37,43740,5933,517111,28165
Diana,purus.ac.tellus@parturientmontesnascetur.org,Guadeloupe,0,60,81566,9072,544292,69669
Todd,egestas.a@vel.ca,New Zealand,0,44,65364,7839,579641,48053
Zephania,montes@sedsem.ca,Malawi,1,39,65019,4932,341331,37364
Brock,Vivamus.nisi@elitpharetraut.ca,United States Minor Outlying Islands,1,42,58243,15149,649324,44501
Avye,Cras@eros.net,Armenia,0,32,73559,11165,301246,35139
Serena,odio.Nam@estac.ca,Northern Mariana Islands,1,52,66088,6769,557099,55167
Barclay,diam.Proin@ut.edu,"Saint Helena, Ascension and Tristan da Cunha",0,56,54442,4363,432850,48384
Isabella,et.magnis@necmetus.ca,Turkey,1,41,60102,12989,340721,35824
Mia,sed.est@afelisullamcorper.edu,Turkmenistan,1,51,50153,6596,266939,36518
Chester,Integer@odioauctor.co.uk,Jamaica,0,58,61431,11561,421892,53111
Isaac,pretium.aliquet.metus@pretiumneque.com,Saint Kitts and Nevis,0,51,65847,9142,531840,53049
Heather,erat.Etiam@elementum.org,Madagascar,1,29,55434,10770,276467,21471
Justine,orci.adipiscing@penatibuset.com,Venezuela,1,53,62980,14297,247422,45016
Bert,sem.Pellentesque@quis.net,Israel,0,43,76523,10373,620355,55378
Gil,Phasellus.fermentum@dictumplacerataugue.net,France,0,62,63956,16979,360788,56510
Dolan,ipsum.Phasellus@egestasblanditNam.edu,Yemen,1,60,39460,8769,571245,47444
Cheryl,iaculis.enim@nislelementum.edu,Indonesia,1,37,66923,8611,522815,41490
Courtney,porttitor.tellus@elitelit.org,Malaysia,0,43,50051,893,347178,32554
Neville,felis.Nulla@mi.ca,Mauritania,0,42,61576,595,497197,41985
Gloria,Curabitur.egestas.nunc@fermentumfermentum.ca,Gambia,0,55,64430,6924,664862,59538
Jonah,augue@risusNuncac.co.uk,Myanmar,1,46,63722,10711,316128,41352
Merrill,dolor.sit@turpisIn.com,Egypt,1,50,78518,10072,294506,52785
Nolan,Donec.at@neccursus.co.uk,Latvia,0,55,72425,9831,523681,60118
Winter,egestas.urna.justo@maurissagittis.edu,Wallis and Futuna,0,43,77665,13309,349589,47761
Rigel,egestas.blandit.Nam@semvitaealiquam.com,Sao Tome and Principe,0,52,77346,6737,665099,64188
Walter,ligula@Cumsociis.ca,Nepal,0,41,71942,6996,541670,48901
Vanna,Cum.sociis.natoque@Sedmolestie.edu,Zimbabwe,1,38,56039,12301,360419,31491
Pearl,penatibus.et@massanonante.com,Philippines,1,54,68889,10612,764531,64147
Nell,Quisque.varius@arcuVivamussit.net,Botswana,1,59,49812,14013,337827,45442
Marla,Camaron.marla@hotmail.com,marlal,1,47,61371,9391,462946,45107
